{
    "lr": 0.00015980031033814945,
    "hidden_dim": 512,
    "epochs": 150,
    "weight_decay": 4.1353489916937214e-05,
    "beta1": 0.9793705961099923,
    "beta2": 0.9371777242740655,
    "dropout": 0.3292182748694722
}